gamma,2nd_idle_error_N_4,2nd_idle_error_N_6,2nd_idle_error_N_8
0.015915494309189534,0.03141168249602227,0.031414107709058066,0.031414914684512914
0.03183098861837907,0.03139895318089054,0.03140865150121182,0.03141188465827008
0.04774648292756861,0.031377745823916545,0.03139955953904135,0.03140683288686533
0.06366197723675814,0.031348072661239915,0.03138683382983745,0.03139976188525396
0.07957747154594767,0.03130995112606864,0.031370477871768256,0.03139067139646003
0.09549296585513722,0.03126340253573092,0.03135049564131156,0.031379563837782246
0.11140846016432675,0.0312084550451543,0.03132689256401473,0.03136644063119105
0.12732395447351627,0.031145139518932143,0.031299674117491225,0.03135130343654102
0.1432394487827058,0.031073492799422606,0.031268847741360024,0.03133415458300175
0.15915494309189535,0.030993556226233485,0.03123442128300717,0.03131499637233585
0.17507043740108488,0.030905375970541642,0.03119640412667492,0.03129383149477371
0.19098593171027445,0.030809003277107786,0.031154803456862057,0.031270662999407534
0.20690142601946396,0.030704493667714817,0.03110963239844393,0.031245496578544408
0.2228169203286535,0.030591906877579397,0.031060901666186726,0.031218330559519534
0.238732414637843,0.03047130851256799,0.031008623775281508,0.03118917144646
0.25464790894703254,0.03034276785242707,0.03095281136877341,0.03115802485519323
0.27056340325622213,0.030206359069140987,0.030893479908344037,0.03112489416286768
0.2864788975654116,0.030062160231511648,0.030830643508708917,0.031089784160599442
0.30239439187460115,0.029910254608565907,0.030764318352967352,0.03105269983939311
0.3183098861837907,0.02975072805046941,0.03069452114296367,0.03101364637316351
0.33422538049298023,0.029583676306538,0.030621270147337194,0.030972629270671508
0.35014087480216977,0.02940919090106281,0.030544583746472585,0.03092965439933116
0.3660563691113593,0.02922737333436927,0.030464481458634295,0.030884728429648553
0.3819718634205489,0.029038328024058754,0.030380983005524727,0.030837857132837012
0.3978873577297384,0.0288421625610004,0.030294110089662863,0.030789047477247745
0.4138028520389279,0.0286389891172363,0.030203884840008556,0.030738306196384905
0.42971834634811745,0.02842892293098983,0.030110329797539095,0.03068564078738129
0.445633840657307,0.02821208599933445,0.030013468932723948,0.030631058504141526
0.4615493349664965,0.027988597103617348,0.02991332672573703,0.030574567185538342
0.477464829275686,0.02775859106815136,0.029809928425834187,0.03051617518786812
0.4933803235848756,0.027522191668662925,0.029703300161883505,0.030455890366917843
0.5092958178940651,0.027279534547287262,0.029593468612373344,0.030393721575384138
0.5252113122032547,0.027030757799224224,0.029480462477644704,0.030329677686812336
0.5411268065124443,0.026776001634337365,0.029364309327202028,0.030263767540176997
0.5570423008216338,0.026515409928822883,0.029245038804485934,0.030196000457530445
0.5729577951308232,0.026249129461709392,0.029122679450460865,0.030126387166612655
0.5888732894400128,0.02597730986492095,0.028997266283671722,0.030054936027049246
0.6047887837492023,0.025700103801408598,0.028868826815422206,0.029981657843603068
0.6207042780583919,0.025417666588832055,0.0287373946979094,0.029906563291027182
0.6366197723675814,0.02513015592943724,0.02860300288131074,0.02982966253932105
0.652535266676771,0.02483773266874129,0.028465685092776537,0.029750966731027177
0.6684507609859605,0.024540559421438252,0.028325475760662452,0.029670487743028558
0.6843662552951499,0.02423880105117934,0.028182410486930376,0.029588234505912702
0.7002817496043395,0.02393262577621228,0.028036524352214577,0.02950422121773198
0.716197243913529,0.023622202160924196,0.027887854661075753,0.029418458976354762
0.7321127382227186,0.02330770196604192,0.027736437236089984,0.029330959894748702
0.7480282325319081,0.02298929781010683,0.027582311357957665,0.029241736289646922
0.7639437268410978,0.022667156751404346,0.02742551588450283,0.029150800690861678
0.7798592211502873,0.022341480118134402,0.02726608688133111,0.029058166035760644
0.7957747154594768,0.022012420891533824,0.027104066982709046,0.028963845373821524
0.8116902097686663,0.0216801664851766,0.026939495621811495,0.028867852077638152
0.8276057040778558,0.02134489749547429,0.02677241351724579,0.028770198529541914
0.8435211983870454,0.02100679551792388,0.026602862309759553,0.02867090166561049
0.8594366926962349,0.020666043121300753,0.026430883782287553,0.028569972403531596
0.8753521870054244,0.02032282359143562,0.02625652079560017,0.028467425902946472
0.891267681314614,0.01997732122861726,0.026079816166745866,0.02836327664025455
0.9071831756238035,0.019629720707521104,0.025900813792212755,0.028257547761666044
0.923098669932993,0.019280207264997778,0.025719556364273772,0.028150228679505757
0.9390141642421825,0.018928966548516217,0.025536092350577373,0.02804135938644986
0.954929658551372,0.018576183739601532,0.02535046316627237,0.02793094743980481
0.9708451528605617,0.01822204553128683,0.025162715770748967,0.027819007984929155
0.9867606471697512,0.01786673737236054,0.024972895931859737,0.027705556629648343
1.0026761414789407,0.01751044495239876,0.02478105031932429,0.027590609235749672
1.0185916357881302,0.017153354025992343,0.024587225795516813,0.02747418203609297
1.0345071300973196,0.01679564920195777,0.02439146968775445,0.027356290072113005
1.0504226244065094,0.016437516188843933,0.024193829728582823,0.027236953245263613
1.0663381187156988,0.0160791358437306,0.023994354103164507,0.027116184719905324
1.0822536130248885,0.015720694207249888,0.023793091285638085,0.026994002520111096
1.098169107334078,0.015362372639975017,0.023590090036732618,0.026870423678550373
1.1140846016432675,0.01500435220573163,0.023385399648937908,0.02674546547993563
1.130000095952457,0.014646813116163853,0.0231790695019778,0.02661914490096921
1.1459155902616465,0.014289933976749014,0.02297114946152565,0.02649148000922722
1.1618310845708362,0.013933892542022711,0.022761689707802055,0.02636248810284243
1.1777465788800257,0.013578864681060045,0.022550740559869036,0.026232187228875957
1.1936620731892151,0.013225024879357943,0.022338352706710154,0.026100595418073354
1.2095775674984046,0.012872545528657738,0.022124576963270387,0.025967730959717505
1.225493061807594,0.01252159842380179,0.021909464669947087,0.02583361222281132
1.2414085561167838,0.012172351761861776,0.021693066942186222,0.025698257812329723
1.2573240504259733,0.011824972753848388,0.021475435446581922,0.02556168597474561
1.2732395447351628,0.011479626155795446,0.02125662183895473,0.02542391601176595
1.2891550390443522,0.011136474621484767,0.021036678257661805,0.025284967178754076
1.305070533353542,0.01079567844194831,0.020815656493935023,0.025144857056051698
1.3209860276627314,0.010457395381893112,0.020593608812757753,0.02500360645035581
1.336901521971921,0.01012178080451188,0.020370587847776858,0.02486123424283783
1.3528170162811104,0.00978898732304414,0.0201466454303671,0.02471775999492646
1.3687325105902999,0.009459164831745435,0.019921834297943822,0.0245732033534392
1.3846480048994896,0.009132460552112809,0.019696211745133335,0.024427582615326363
1.400563499208679,0.008809018622298452,0.01946981766366653,0.02428092233706481
1.4164789935178685,0.008488980301235197,0.01924271691267975,0.024133237335152175
1.432394487827058,0.008172483728932856,0.019014958462418744,0.02398454986291079
1.4483099821362475,0.0078596639240422,0.01878659489036005,0.02383488009066544
1.4642254764454372,0.0075506526918266426,0.018557678939254706,0.023684248366274245
1.4801409707546267,0.007245578374741634,0.018328263438993034,0.023532675041931614
1.4960564650638162,0.006944566121410116,0.018098401012213734,0.02338018077846895
1.5119719593730057,0.006647737550067494,0.0178681444179973,0.023226786091248015
1.5278874536821956,0.006355210797280368,0.017637546133697148,0.023072511694922127
1.543802947991385,0.006067100286930749,0.017406658416386313,0.0229173786319251
1.5597184423005745,0.005783516969253011,0.01717553456788772,0.02276140774046375
1.575633936609764,0.00550456796900502,0.016944226174146586,0.02260461910129954
1.5915494309189535,0.005230356697526749,0.01671278547009312,0.02244703685708346
1.6074649252281432,0.00496098271673314,0.01648126458497356,0.022288678503071164
1.6233804195373327,0.0046965417606055476,0.01624971533499012,0.02212956705240187
1.6392959138465222,0.004437125655275169,0.01601818951510341,0.02196972424818425
1.6552114081557117,0.004182822214006788,0.01578673866041238,0.02180917036830548
1.6711269024649011,0.003933715308774526,0.01555541398842195,0.02164792643718241
1.6870423967740908,0.00368988476428371,0.015324266833862865,0.021486015487768118
1.7029578910832803,0.003451406182513764,0.015093347822695242,0.021323458275732916
1.7188733853924698,0.0032183514472836888,0.014862707708265926,0.021160276542016007
1.7347888797016593,0.002990787870669575,0.014632396861667788,0.020996491840791096
1.7507043740108488,0.0027687788645660845,0.014402465312309995,0.020832125983741102
1.7666198683200385,0.002552383634362827,0.014172962929498111,0.020667200704125244
1.782535362629228,0.002341657119166741,0.013943939223033278,0.020501737618991153
1.7984508569384174,0.0021366501109461354,0.013715443301296808,0.020335758588745454
1.814366351247607,0.0019374091011827184,0.013487524393605468,0.020169285463333384
1.8302818455567964,0.001743976448746519,0.01326023016159841,0.0200023400550353
1.846197339865986,0.0015563902206034966,0.013033609661427319,0.01983494434685303
1.8621128341751756,0.0013746841965288053,0.012807710236252046,0.019667120666589377
1.878028328484365,0.001198888003807379,0.012582579294335464,0.01949888981697214
1.8939438227935546,0.001029026977288385,0.012358263943951836,0.019330273957783854
1.909859317102744,0.0008651222286874383,0.01213481062122419,0.019161295848460675
1.925774811411934,0.0007071906522297679,0.011912265628437094,0.018991976933245443
1.9416903057211234,0.0005552449321125671,0.01169067491902212,0.018822339127777744
1.957605800030313,0.0004092935498730074,0.01147008299204463,0.01865240447530916
1.9735212943395024,0.0002693408603352563,0.011250535377113154,0.018482194833083457
1.9894367886486917,0.00013538699709700168,0.011032076244991898,0.018311732050894487
2.0053522829578814,7.428017521941571e-06,0.010814748740324882,0.01814103808896435
2.021267777267071,0.0001145441311277847,0.010598597975940316,0.01797013481101827
2.0371832715762603,0.00023054156633081407,0.010383665141977161,0.017799044002998452
2.05309876588545,0.00034058043619506796,0.010169993088653354,0.017627787619424108
2.0690142601946393,0.0004446808839094243,0.00995762375824178,0.01745638733392329
2.084929754503829,0.0005428670059469386,0.009746597790412858,0.0172848650056616
2.1008452488130187,0.0006351668068909184,0.009536956525239653,0.01711324228890565
2.116760743122208,0.0007216121611648959,0.00932873992796162,0.01694154094118903
2.1326762374313977,0.0008022387563672004,0.009121987352666604,0.016769781607759948
2.148591731740587,0.0008770860486837689,0.008916738024511739,0.01659798873280735
2.164507226049777,0.0009461972051566705,0.008713029901807575,0.0164261810906209
2.1804227203589663,0.001009619046884758,0.008510901106232854,0.016254381050162046
2.196338214668156,0.001067401995204168,0.008310388688979084,0.016082609970653156
2.2122537089773453,0.001119600005526887,0.008111529080304151,0.01591088946616977
2.228169203286535,0.0011662705045669154,0.007914358159876733,0.015739240644087098
2.2440846975957247,0.0012074743310772206,0.007718911231208437,0.01556768479360556
2.260000191904914,0.001243275651757746,0.0075252228663047465,0.015396242423363522
2.2759156862141037,0.0012737419081439716,0.007333326814770208,0.015224936665855544
2.291831180523293,0.001298943734689408,0.007143256678622755,0.01505378645945539
2.3077466748324826,0.0013189548853681982,0.0069550446971247785,0.014882813525107631
2.3236621691416723,0.0013338521576762507,0.006768722875809566,0.014712038571307264
2.3395776634508616,0.0013437153093608164,0.006584322424816556,0.014541481983082064
2.3554931577600513,0.0013486269940684156,0.00640187376040653,0.014371165760206814
2.3714086520692406,0.0013486726522404292,0.006221406754861235,0.01420110917532827
2.3873241463784303,0.0013439404406417475,0.006042950468010236,0.01403133316731553
2.40323964068762,0.0013345211746990538,0.005866533218831267,0.013861858015569039
2.4191551349968092,0.00132050814632092,0.005692182652482793,0.013692703992350206
2.435070629305999,0.0013019972448961076,0.005519925640690131,0.013523891329570154
2.450986123615188,0.001279086532162845,0.00534978837914338,0.013355440066515161
2.466901617924378,0.001251876474206172,0.005181796253432816,0.013187370113307579
2.4828171122335676,0.001220469676314823,0.005015973931139919,0.013019701323314037
2.498732606542757,0.0011849708355552528,0.004852345312922287,0.012852453415267808
2.5146481008519466,0.001145486638113835,0.004690933565839376,0.01268564576422949
2.530563595161136,0.001102125658688869,0.004531761056659656,0.012519298051121728
2.5464790894703255,0.0010549982727616667,0.004374849414796844,0.01235342950202368
2.5623945837795152,0.0010042165508865931,0.0042202194628771245,0.012188059311990518
2.5783100780887045,0.0009498941635253023,0.004067891332844065,0.01202320660089173
2.594225572397894,0.0008921462795780308,0.00391788425780478,0.011858890067669698
2.610141066707084,0.0008310894662701664,0.003770216778880888,0.011695128750305336
2.626056561016273,0.0007668415880212235,0.003624906614386965,0.011531940986276683
2.641972055325463,0.0006995217058773141,0.0034819706953040357,0.011369345425648188
2.657887549634652,0.0006292499744299277,0.003341425187158066,0.011207360430062275
2.673803043943842,0.0005561475415361146,0.0032032854362399697,0.011046004071489672
2.6897185382530315,0.00048033644462516784,0.003067566019959523,0.010885294424460202
2.705634032562221,0.00040193950484365736,0.002934280696898559,0.010725249323762079
2.7215495268714105,0.00032108023549161493,0.0028034424418811633,0.010565886455254664
2.7374650211805998,0.0002378827265085856,0.0026750634368252414,0.010407223334944607
2.7533805154897895,0.0001524715504126959,0.002549155055370644,0.01024927737700833
2.769296009798979,6.497165719289751e-05,0.002425727928139551,0.010092065739783121
2.7852115041081684,2.4491725880757056e-05,0.0023047916873615445,0.009935605482877087
2.801126998417358,0.00011579319782386137,0.0021863554630204927,0.009779913382565742
2.8170424927265474,0.00020880728293264333,0.002070427389782168,0.00962500620061688
2.832957987035737,0.00030340853236824554,0.0019570148774940804,0.00947090043145682
2.848873481344927,0.00039947162353868096,0.001846124446027033,0.009317612272273493
2.864788975654116,0.000496871459867325,0.0017377619540073295,0.009165158331096523
2.8807044699633058,0.0005954832673304729,0.0016319323804869098,0.009013553396827228
2.896619964272495,0.0006951826947829833,0.0015286399236360156,0.008862814348803634
2.9125354585816847,0.0007958459075083902,0.0014278880156867871,0.00871295639761982
2.9284509528908744,0.0008973496895954704,0.0013296792671856786,0.008563994916283419
2.9443664472000637,0.0009995715240065865,0.001234015522813933,0.008415945020629291
2.9602819415092534,0.0011023897047907,0.0011408978381650518,0.008268821743175909
2.9761974358184426,0.0012056834150403985,0.001050326489504837,0.008122639830867442
2.9921129301276324,0.001309332823812489,0.0009623009743723576,0.007977413881515167
3.0080284244368225,0.0014132191815435897,0.0008768200148901071,0.007833158215195096
3.0239439187460113,0.001517224872535274,0.0007938815658488591,0.007689887097231873
3.0398594130552015,0.0016212335644230323,0.0007134828128363506,0.0075476144167658426
3.055774907364391,0.0017251302673286818,0.0006356201820700975,0.007406353932352551
3.0716904016735804,0.0018288013578893047,0.0005602893375504316,0.007266119193227135
3.08760589598277,0.0019321347633981967,0.00048748519334575446,0.007126923517771233
3.103521390291959,0.0020350199583169387,0.00041720191302170367,0.006988780028734383
3.119436884601149,0.002137348096411856,0.00034943291875530697,0.006851701604221588
3.135352378910339,0.002239012053279018,0.0002841708861003706,0.006715700905294237
3.151267873219528,0.0023399065189388182,0.00022140778878570447,0.006580790489456511
3.1671833675287178,0.0024399280649100644,0.0001611348288855797,0.006446981999144814
3.183098861837907,0.002538975218775334,0.00010334251658781525,0.006314288918139846
3.1990143561470967,0.002636948511812671,4.802064609568998e-05,0.006182721598047086
3.2149298504562864,0.002733750595434037,4.841708975900662e-06,0.006052292109417717
3.2308453447654757,0.00282928624163799,5.525615854368663e-05,0.005923011747103321
3.2467608390746654,0.0029234624485392764,0.00010323501821364116,0.005794891631553237
3.2626763333838547,0.003016188491827355,0.00014879128995556767,0.005667942602003717
3.2785918276930444,0.0031073759781017904,0.00019193864970368213,0.005542175391301589
3.294507322002234,0.003196938881131678,0.00023269144944512748,0.005417600365786641
3.3104228163114233,0.00328479364787506,0.0002710647054216746,0.005294227667810031
3.326338310620613,0.0033708591947722213,0.0003070740875571352,0.005172067276686514
3.3422538049298023,0.003455056978531756,0.00034073591660228517,0.005051128891721565
3.358169299238992,0.0035373110409240775,0.00037206715086981454,0.0049314219795086826
3.3740847935481817,0.0036175480521749934,0.00040108538031766817,0.004812955790142434
3.390000287857371,0.003695697365879914,0.000427808822667872,0.004695735900237175
3.4059157821665607,0.0037716910147449607,0.0004522562939928236,0.00457978123333986
3.42183127647575,0.0038454637859817345,0.0004744472280054312,0.004465090150986069
3.4377467707849396,0.003916953254316661,0.0004944016665349638,0.004351674298424043
3.4536622650941293,0.003986099826306927,0.0005121401981194956,0.004239541716887106
3.4695777594033186,0.004052846600294323,0.0005276840165086097,0.004128700163347332
3.4854932537125083,0.004117139746928323,0.0005410548914544025,0.004019157203201332
3.5014087480216975,0.0041789281857957505,0.0005522751134081633,0.003910920124937158
3.5173242423308873,0.0042381637787117996,0.0005613675491440894,0.0038039959818246395
3.533239736640077,0.004294801292146144,0.0005683555878046635,0.0036983915698755084
3.549155230949266,0.004348798441171613,0.0005732631487949901,0.0035941134563576465
3.565070725258456,0.004400115886192763,0.0005761146661892537,0.0034911679757530546
3.580986219567645,0.004448717262829206,0.0005769350797318179,0.0033895611128742864
3.596901713876835,0.0044945691310716955,0.0005757498104164064,0.0032892987677954994
3.6128172081860246,0.0045376410826809075,0.0005725847841889917,0.003190386482727871
3.628732702495214,0.004577905650154574,0.0005674663830403349,0.003092829571274225
3.6446481968044036,0.004615338315628324,0.00056042145263096,0.0029966331219924065
3.660563691113593,0.004649917591227806,0.0005514772880219983,0.002901801944520541
3.6764791854227825,0.004681624865981698,0.0005406616232978962,0.002808340634650761
3.692394679731972,0.00471044466169239,0.0005280026158713859,0.0027162535355357603
3.7083101740411615,0.004736364205609006,0.0005135288389659511,0.002625544649913981
3.724225668350351,0.004759373818681837,0.000497269271098713,0.0025362178523599555
3.7401411626595404,0.0047794666954488795,0.0004792532802236944,0.0024482767847158133
3.75605665696873,0.004796638943524605,0.0004595106092934631,0.0023617247008711597
3.77197215127792,0.004810889601304401,0.0004380713716452716,0.0022765647183305955
3.787887645587109,0.004822220430798378,0.00041496603992668214,0.002192799668257154
3.803803139896299,0.004830636135285106,0.00039022541601990804,0.0021104321592678187
3.819718634205488,0.004836144187572491,0.0003638806585771426,0.002029464486147193
3.8356341285146778,0.004838754894729225,0.0003359631923449212,0.0019498987891802648
3.851549622823868,0.004838481205632149,0.0003065048137046352,0.0018717368995438482
3.8674651171330567,0.00483533885316753,0.00027553756981223593,0.0017949804288973936
3.883380611442247,0.004829346240455607,0.00024309380413581628,0.0017196307851186814
3.8992961057514357,0.004820524362374669,0.00020920610965742423,0.0016456888903455058
3.915211600060626,0.004808896901912272,0.00017390735901835666,0.0015731558132650071
3.9311270943698156,0.004794489962689164,0.00013723065893329783,0.0015020321026783874
3.947042588679005,0.004777332280256034,9.920934072178365e-05,0.0014323181211875864
3.9629580829881945,0.004757455020736653,5.987695606986143e-05,0.0013640140301236403
3.9788735772973833,0.004734891734470104,1.926726901631732e-05,0.0012971197034211469
3.9947890716065735,0.0047096783659084955,2.258578204400647e-05,0.0012316348101583758
4.010704565915763,0.004681853180349727,6.564807252015222e-05,0.0011675587406666354
4.0266200602249524,0.004651456679966174,0.00010988527625038195,0.0011048906909584574
4.042535554534142,0.004618531599145329,0.0001552629820312197,0.0010436295733185596
4.058451048843331,0.004583122812326954,0.00020174658393306782,0.0009837740920243326
4.074366543152521,0.004545277284561173,0.0002493013763663734,0.0009253227073796669
4.09028203746171,0.0045050440273145835,0.0002978925022748142,0.0008682736274818076
4.1061975317709,0.004462474003166674,0.00034748501915905593,0.0008126248666604204
4.12211302608009,0.0044176201114973345,0.00039804399576526224,0.0007583741518690268
4.138028520389279,0.004370537070960205,0.00044953422481277183,0.0007055190239255083
4.153944014698468,0.004321281407307554,0.0005019205865357041,0.0006540567669722089
4.169859509007658,0.004269911347492373,0.0005551678690009264,0.0006039844455455434
4.185775003316848,0.004216486757264703,0.0006092409014009539,0.0005552988889367333
4.201690497626037,0.0041610691064895705,0.0006641041156144969,0.0005079966680603106
4.217605991935226,0.004103721368641296,0.0007197225092344603,0.0004620742785896532
4.233521486244416,0.004044507955369018,0.0007760607073094995,0.0004175277459391649
4.2494369805536065,0.0039834946476043735,0.0008330834125190733,0.0003743530698927781
4.265352474862795,0.003920748534330105,0.0008907553655557605,0.00033254594064096037
4.281267969171985,0.0038563379117876146,0.0009490413564245895,0.00029210184235644806
4.297183463481174,0.003790332254329838,0.0010079062062324981,0.00025301606171623537
4.313098957790364,0.0037228021289337962,0.0010673148061315202,0.0002152836534571735
4.329014452099554,0.003653819003777088,0.0011272321232158962,0.00017889945607855507
4.344929946408743,0.003583455443152252,0.0011876232001498223,0.00014385809647528142
4.360845440717933,0.003511784756237585,0.001248453186196215,0.00011015399557431224
4.3767609350271215,0.0034388810613876154,0.001309687339369012,7.778134885473128e-05
4.392676429336312,0.0033648191874918855,0.0013712910322434787,4.6734156950131484e-05
4.408591923645502,0.0032896745897889965,0.001433229780511534,1.700628907378563e-05
4.424507417954691,0.003213523282072354,0.0014954692286673233,1.1408889191061802e-05
4.44042291226388,0.003136441752530823,0.0015579752309695407,3.851778671143546e-05
4.45633840657307,0.0030585068984977184,0.0016207137202849452,6.432726571344727e-05
4.47225390088226,0.002979795941624071,0.0016836509490196219,8.884437324496414e-05
4.488169395191449,0.0029003863581823467,0.001746753030814274,0.00011207630432770034
4.504084889500638,0.002820355797973625,0.0018099867629666872,0.00013403047173535368
4.520000383809828,0.0027397820273621564,0.0018733188496624512,0.00015471447633169305
4.535915878119018,0.002658742815142526,0.001936716251554801,0.0001741360857351447
4.551831372428207,0.0025773159138556315,0.002000146200801669,0.0001923033235511066
4.567746866737397,0.002495578940305009,0.0020635761766937205,0.0002092243045126808
4.583662361046586,0.002413609324386217,0.002126973896886255,0.000224907403744535
4.599577855355776,0.0023314842282481725,0.0021903073532502713,0.00023936116705058948
4.615493349664965,0.002249280483100232,0.0022535448182814826,0.00025259428883586655
4.631408843974155,0.0021670745112467456,0.002316654849980935,0.0002646156422955269
4.647324338283345,0.002084942253924114,0.0023796062887351103,0.0002754343027402221
4.6632398325925335,0.002002959113242526,0.0024423683068626498,0.0002850595349578374
4.679155326901723,0.001921199873657644,0.0025049103667884242,0.0002935007026451336
4.695070821210913,0.0018397386384995894,0.0025672023057039216,0.00030076737377751606
4.710986315520103,0.0017586487766029762,0.002629214158506768,0.000306869343982139
4.726901809829292,0.0016780028007790336,0.002690916504572462,0.0003118164656043717
4.742817304138481,0.0015978724080754675,0.002752280140401503,0.00031561881691959364
4.758732798447671,0.0015183283133144883,0.0028132762596758203,0.00031828661747536975
4.7746482927568605,0.0014394402492305125,0.0028738764446963718,0.00031983025353560126
4.79056378706605,0.0013612768742816152,0.0029340525770052226,0.0003202602609315202
4.80647928137524,0.001283905736664992,0.0029937770450713013,0.00031958728791763735
4.822394775684429,0.001207393204152316,0.0030530225590834734,0.0003178222053332728
4.8383102699936185,0.0011318044103449615,0.0031117622519459655,0.00031497596227649785
4.854225764302808,0.0010572032005384206,0.0031699696501553847,0.0003110596835006371
4.870141258611998,0.000983652068178495,0.003227618735402019,0.0003060855349808977
4.886056752921188,0.0009112121594204512,0.0032846838589270983,0.0003000621432396879
4.901972247230376,0.0008399431082056513,0.003341139867281448,0.0002930038956991499
4.917887741539566,0.000769903104355096,0.0033969620134206213,0.00028492143920411496
4.933803235848756,0.0007011550170880011,0.003452126001019696,0.0002758265501159056
4.9497187301579455,0.0006337352194767903,0.003506607986670113,0.0002657311909457466
4.965634224467135,0.0005677158319139932,0.0035603845978070467,0.0002546444888652109
4.981549718776324,0.0005031358299363966,0.0036134329255064447,0.0002425873537884195
4.997465213085514,0.0004400649430783539,0.0036657305118717276,0.00022956329102264518
5.013380707394703,0.0003785318228051592,0.003717257912096127,0.00021558764981645587
5.029296201703893,0.00031858555121902537,0.003767986157775357,0.00020067289816335258
5.045211696013083,0.0002602828735801749,0.0038179017377782515,0.00018483173148501784
5.061127190322272,0.00020365464128221667,0.0038669816662674494,0.00016807680723800655
5.077042684631461,0.00014874586089473147,0.003915205942857993,0.0001504209863811434
5.092958178940651,9.559563139027818e-05,0.003962555131816261,0.00013187720535027563
5.108873673249841,4.424111267892549e-05,0.004009010194863605,0.00011245845252218936
5.1247891675590305,5.282483896014223e-06,0.004054552679136049,9.217792544728502e-05
5.14070466186822,5.294192463394754e-05,0.004099164682058905,7.104882963949171e-05
5.156620156177409,9.870598326388292e-05,0.004142828677145564,4.908445382235167e-05
5.172535650486599,0.0001425454344421347,0.004185527863024722,2.629819239618059e-05
5.188451144795788,0.00018443188781169003,0.004227245827914153,2.703515244723035e-06
5.204366639104978,0.00022434036119826746,0.00426796673222116,2.168597530431654e-05
5.220282133414168,0.0002622545540923672,0.004307675289025969,4.6856675493337325e-05
5.236197627723357,0.0002981485052722268,0.004346356727950597,7.279484622296641e-05
5.252113122032546,0.00033198907833124924,0.004383996817186275,9.948674522771388e-05
