J,X2_infid_CD,X2_infid_DD
1.000000000000000056e-01,3.284886980547963020e-05,1.439977122841273882e-05
3.518987341772151778e-01,4.070455166625963628e-04,1.783789464082641274e-04
6.037974683544302668e-01,1.198474346780109556e-03,5.250887861112385480e-04
8.556962025316453557e-01,2.407315414093891270e-03,1.054319741889964135e-03
1.107594936708860667e+00,4.033839965303043229e-03,1.765692847448319114e-03
1.359493670886075867e+00,6.078372028941347871e-03,2.658853545372097393e-03
1.611392405063290845e+00,8.541300704281606926e-03,3.733217854406167824e-03
1.863291139240506267e+00,1.142303135899380706e-02,4.988151033571863735e-03
2.115189873417721245e+00,1.472397256305668645e-02,6.422883995533590351e-03
2.367088607594936001e+00,1.844449761443567315e-02,8.036522025453129991e-03
2.618987341772151645e+00,2.258491774010973341e-02,9.828124075487276734e-03
2.870886075949366401e+00,2.714542621218385410e-02,1.179657888026286461e-02
3.122784810126581601e+00,3.212609704012370226e-02,1.394070006117476002e-02
3.374683544303796801e+00,3.752677035499696334e-02,1.625919269394049405e-02
3.626582278481012445e+00,4.334707506496782159e-02,1.875063211996907953e-02
3.878481012658227645e+00,4.958634446439824650e-02,2.141352706935650829e-02
4.130379746835441956e+00,5.624357034882732087e-02,2.424625845476047203e-02
4.382278481012656712e+00,6.331735888842249249e-02,2.724709302623040674e-02
4.634177215189872356e+00,7.080587533659254973e-02,3.041426087446896798e-02
4.886075949367087112e+00,7.870678847930090427e-02,3.374578815958795275e-02
5.137974683544302756e+00,8.701723042920261886e-02,3.723971832675332383e-02
5.389873417721517512e+00,9.573373782468830306e-02,4.089390842810525228e-02
5.641772151898734045e+00,1.048522098783287726e-01,4.470614735725952915e-02
5.893670886075947912e+00,1.143678614610353916e-01,4.867417203419210914e-02
6.145569620253162668e+00,1.242751797807510883e-01,5.279556702047649708e-02
6.397468354430378312e+00,1.345678871330822091e-01,5.706787745242691834e-02
6.649367088607592180e+00,1.452389022995531631e-01,6.148851439447344802e-02
6.901265822784809600e+00,1.562803248133503020e-01,6.605485373363462198e-02
7.153164556962023468e+00,1.676833777359542088e-01,7.076415458002227599e-02
7.405063291139240000e+00,1.794384185652815322e-01,7.561359154802738125e-02
7.656962025316453868e+00,1.915349098885658075e-01,8.060029625634279604e-02
7.908860759493668624e+00,2.039614068345345643e-01,8.572130168881175738e-02
8.160759493670884268e+00,2.167055607190154776e-01,9.097356854158444861e-02
8.412658227848099912e+00,2.297541201698722890e-01,9.635397914927479324e-02
8.664556962025313780e+00,2.430929372311443348e-01,1.018593522970527854e-01
8.916455696202529424e+00,2.567069905991518075e-01,1.074864772818275860e-01
9.168354430379745068e+00,2.705803994970553683e-01,1.132320569019538148e-01
9.420253164556960712e+00,2.846964536823224368e-01,1.190926911933731791e-01
9.672151898734174580e+00,2.990376650393595792e-01,1.250650195593763225e-01
9.924050632911390224e+00,3.135857889778622676e-01,1.311455283405463801e-01
1.017594936708860587e+01,3.283218832600222070e-01,1.373307474394842576e-01
1.042784810126581974e+01,3.432263684113688873e-01,1.436170918718409073e-01
1.067974683544303538e+01,3.582790753878036805e-01,1.500009702177683701e-01
1.093164556962025102e+01,3.734593199790394724e-01,1.564787761938305488e-01
1.118354430379746667e+01,3.887459704171862818e-01,1.630467921950194965e-01
1.143544303797468231e+01,4.041175222730488681e-01,1.697013590379462533e-01
1.168734177215189618e+01,4.195521808596929247e-01,1.764387192043885833e-01
1.193924050632911182e+01,4.350279355352596466e-01,1.832551406316167419e-01
1.219113924050632569e+01,4.505226473831458467e-01,1.901468713789512543e-01
1.244303797468354134e+01,4.660141430758972803e-01,1.971101023597952029e-01
1.269493670886075698e+01,4.814802934264509338e-01,2.041410583952987245e-01
1.294683544303797440e+01,4.968991034002995244e-01,2.112359352465188467e-01
1.319873417721518827e+01,5.122488020282578436e-01,2.183909258026265343e-01
1.345063291139240214e+01,5.275079336316723655e-01,2.256022499194247910e-01
1.370253164556961778e+01,5.426554381484476330e-01,2.328660990668282027e-01
1.395443037974683165e+01,5.576707373822932245e-01,2.401786851691437574e-01
1.420632911392404552e+01,5.725338187603842277e-01,2.475362406644751045e-01
1.445822784810126294e+01,5.872253096246461412e-01,2.549350057397936631e-01
1.471012658227847858e+01,6.017265603751296155e-01,2.623712666011277506e-01
1.496202531645569245e+01,6.160196972645791691e-01,2.698412789872668416e-01
1.521392405063290632e+01,6.300877062477209245e-01,2.773414006574264068e-01
1.546582278481012374e+01,6.439144787853718910e-01,2.848679698563063578e-01
1.571772151898734116e+01,6.574848750446982137e-01,2.924173720995190129e-01
1.596962025316455680e+01,6.707847620066997862e-01,2.999860377238862119e-01
1.622151898734177067e+01,6.838010640435735477e-01,3.075704545907484988e-01
1.647341772151898454e+01,6.965217885888272953e-01,3.151671417842232259e-01
1.672531645569620196e+01,7.089360600913263699e-01,3.227726629198610642e-01
1.697721518987341582e+01,7.210341364567944833e-01,3.303836558362059916e-01
1.722911392405062969e+01,7.328074240715134469e-01,3.379968017470807995e-01
1.748101265822784356e+01,7.442484894639691539e-01,3.456088340581234819e-01
1.773291139240506098e+01,7.553510479866532012e-01,3.532165898700240225e-01
1.798481012658227840e+01,7.661099706937297693e-01,3.608169169931507714e-01
1.823670886075949227e+01,7.765212594904559174e-01,3.684067743548111729e-01
1.848860759493670614e+01,7.865820375658096886e-01,3.759831701737998966e-01
1.874050632911392356e+01,7.962905178736995326e-01,3.835431833320921413e-01
1.899240506329113742e+01,8.056459752175070266e-01,3.910840122073622194e-01
1.924430379746835129e+01,8.146487117988212567e-01,3.986028812149102762e-01
1.949620253164556871e+01,8.233000150302531850e-01,4.060970991210886005e-01
1.974810126582278258e+01,8.316021149230803378e-01,4.135641055607703898e-01
2.000000000000000000e+01,8.395581345724560940e-01,4.210013508758468914e-01
