gamma,2nd_X1_error_N_4,2nd_X1_error_N_6,2nd_X1_error_N_8
0.015915494309189534,0.24083816378813744,0.24084776007725658,0.2408511200420625
0.03183098861837907,0.24078635026984593,0.24082473088337075,0.24083817527133727
0.04774648292756861,0.24070001080406817,0.24078635221305383,0.24081659975023495
0.06366197723675814,0.24057917011724017,0.2407326285586404,0.24078639605944463
0.07957747154594767,0.24042386274755143,0.24066356676752929,0.24074756550774495
0.09549296585513722,0.24023413239754354,0.24057917540859886,0.24070011185591095
0.11140846016432675,0.2400100343208149,0.2404794652687311,0.24064403834840853
0.12732395447351627,0.2397516315165717,0.24036444824360015,0.2405793485895388
0.1432394487827058,0.23945899791882158,0.24023413919078276,0.24050604720507524
0.15915494309189535,0.2391322167943001,0.24008855427251002,0.24042413924867717
0.17507043740108488,0.2387713811687449,0.2399277124396972,0.24033363035375363
0.19098593171027445,0.23837659401810063,0.23975163102078711,0.24023452685753358
0.20690142601946396,0.23794796758795875,0.23956033459924614,0.24012683803493876
0.2228169203286535,0.237485623276134,0.23935384622139266,0.24001056618302122
0.238732414637843,0.23698969271152195,0.23913219161097304,0.23988572185245158
0.25464790894703254,0.23646031656154334,0.23889539771068058,0.23975231562201488
0.27056340325622213,0.23589764510008032,0.23864349528384812,0.2396103551128253
0.2864788975654116,0.23530183727781473,0.2383765146165849,0.23945985082118906
0.30239439187460115,0.2346730620282338,0.2380944891460334,0.23930081309163567
0.3183098861837907,0.23401149566878088,0.237797453767349,0.23913325264939744
0.33422538049298023,0.23331732923681672,0.23748544581104586,0.23895718129635005
0.35014087480216977,0.2325907541702823,0.23715850386795054,0.23877261124821675
0.3660563691113593,0.23183197665989674,0.23681666847935418,0.2385795557820105
0.3819718634205489,0.2310412106420238,0.23645998142712968,0.23837802792617452
0.3978873577297384,0.2302186778046793,0.23608848747618233,0.2381680418208682
0.4138028520389279,0.22936460909953946,0.23570223268620083,0.23794961197321746
0.42971834634811745,0.22847924304387493,0.23530126451018168,0.23772275372510554
0.445633840657307,0.22756282984534648,0.23488563287442069,0.23748748258873106
0.4615493349664965,0.22661562078045494,0.23445538911268227,0.2372438149306231
0.477464829275686,0.22563788783896377,0.23401058621223617,0.23699176813080913
0.4933803235848756,0.22462989656238996,0.23355127908278406,0.23673135910589918
0.5092958178940651,0.22359192863525448,0.23307752412762534,0.23646260624506293
0.5252113122032547,0.22252427287569038,0.2325893806052388,0.23618552823113087
0.5411268065124443,0.22142722465024842,0.23208690770876728,0.23590014395059994
0.5570423008216338,0.22030108734487902,0.23157016759079949,0.23560647315751015
0.5729577951308232,0.21914617166644107,0.23103922223867138,0.23530453722915226
0.5888732894400128,0.21796279546507427,0.2304941411033284,0.23499435559438936
0.6047887837492023,0.21675128397739082,0.2299349869928593,0.23467595041237763
0.6207042780583919,0.2155119693777464,0.22936182979394237,0.23434934392066986
0.6366197723675814,0.21424519049090454,0.22877473960688102,0.23401455820399705
0.652535266676771,0.21295129340069005,0.22817378825101842,0.23367161664475836
0.6684507609859605,0.2116306302160797,0.2275590491226036,0.23332054359165275
0.6843662552951499,0.210283559402464,0.22693059772268434,0.23296136083914065
0.7002817496043395,0.20891044689782626,0.22628851002842146,0.23259409572074782
0.716197243913529,0.2075116629946786,0.22563286502927665,0.23221877272172353
0.7321127382227186,0.20608758527611928,0.22496374114937256,0.2318354176475953
0.7480282325319081,0.20463859611815513,0.22428122117718946,0.2314440568752829
0.7639437268410978,0.20316507623487534,0.22358538837737363,0.2310447172082397
0.7798592211502873,0.20166744455960695,0.2228763241374561,0.230637426465239
0.7957747154594768,0.20014607550149516,0.22215411723885206,0.23022221324694805
0.8116902097686663,0.19860138173518904,0.22141885420286173,0.22979910418629426
0.8276057040778558,0.1970337728507296,0.2206706236937319,0.22936812810126797
0.8435211983870454,0.19544366319217743,0.21990951611725795,0.22892931773410127
0.8594366926962349,0.19383147174399992,0.2191356229561887,0.22848269952004374
0.8753521870054244,0.19219762185578868,0.21834903763375554,0.22802830532341173
0.891267681314614,0.19054254143484323,0.2175498542658984,0.2275661669995771
0.9071831756238035,0.18886666235070487,0.21673816905908505,0.22709632450250505
0.923098669932993,0.18717042056634392,0.21591407778629557,0.2266187841088885
0.9390141642421825,0.18545425572189186,0.21507768285152765,0.2261336033416441
0.954929658551372,0.1837186105734232,0.21422908056261006,0.2256408075650849
0.9708451528605617,0.18196393273955738,0.2133683730694655,0.2251404299969262
0.9867606471697512,0.18019067172250652,0.2124956629933793,0.22463250463032153
1.0026761414789407,0.17839928078323264,0.2116110541153816,0.22411706604968173
1.0185916357881302,0.17659021632002564,0.21071465138062462,0.22359414924158863
1.0345071300973196,0.17476393672263354,0.2098065609738688,0.22306378858864034
1.0504226244065094,0.17292090461508675,0.20888689028294574,0.22252602347336783
1.0663381187156988,0.1710615808609142,0.2079557480099377,0.22198088688803527
1.0822536130248885,0.16918643451477564,0.20701324395080842,0.22142841686011594
1.098169107334078,0.1672959328819491,0.20605948889491027,0.22086865076694928
1.1140846016432675,0.16539054597964198,0.20509459498359844,0.22030162648313717
1.130000095952457,0.16347074579338455,0.20411867524617758,0.21972738191389846
1.1459155902616465,0.16153700548251887,0.20313184393791983,0.2191459562483672
1.1618310845708362,0.1595898002132818,0.2021342163878666,0.2185573882304199
1.1777465788800257,0.15762960597929906,0.20112590888319634,0.21796171763005165
1.1936620731892151,0.155656900045021,0.20010703878933533,0.2173589844336052
1.2095775674984046,0.1536721602464741,0.19907772434683987,0.21674922917105677
1.225493061807594,0.15167586644634506,0.19803808508919185,0.21613249271206147
1.2414085561167838,0.14966849738731403,0.19698824099325896,0.21550881650055212
1.2573240504259733,0.14765053339952822,0.19592831336364613,0.21487824180134296
1.2732395447351628,0.14562245484003578,0.19485842424493915,0.21424081117664376
1.2891550390443522,0.14358474233816773,0.19377869683894752,0.21359656751721617
1.305070533353542,0.14153787659834186,0.1926892547175781,0.2129455522179326
1.3209860276627314,0.13948233814390104,0.1915902226353642,0.21228781018776383
1.336901521971921,0.13741860741032755,0.19048172641537914,0.21162338465777175
1.3528170162811104,0.13534716439912248,0.1893638917515531,0.21095231981317153
1.3687325105902999,0.13326848863196153,0.18823684593471085,0.2102746601852922
1.3846480048994896,0.13118305920955775,0.18710072149494955,0.20959044917326486
1.400563499208679,0.12909135435077707,0.18595563422918085,0.2088997367297812
1.4164789935178685,0.12699385162595556,0.18480172556255695,0.20820256298678366
1.432394487827058,0.12489102762439303,0.18363912167723387,0.20749897673784182
1.4483099821362475,0.12278335801979465,0.1824679530412134,0.20678902397424387
1.4642254764454372,0.12067131742417998,0.18128835087225137,0.20607275143286805
1.4801409707546267,0.1185553791831215,0.18010044715784584,0.20535020608979787
1.4960564650638162,0.11643601562566698,0.1789043742834341,0.20462143549993111
1.5119719593730057,0.11431369772234594,0.17770026538537279,0.20388648729992176
1.5278874536821956,0.11218889521466581,0.17648825399491863,0.2031454095907928
1.543802947991385,0.11006207636326501,0.17526847393675068,0.20239825102769937
1.5597184423005745,0.1079337082816334,0.17404106071646,0.20164506030613397
1.575633936609764,0.10580425660043197,0.17280614871508138,0.20088588561006787
1.5915494309189535,0.10367418569051493,0.17156387355587627,0.2001207793915682
1.6074649252281432,0.10154395860437315,0.1703143713244465,0.19934978772591727
1.6233804195373327,0.09941403718536053,0.16905777834052302,0.19857296243210104
1.6392959138465222,0.09728488215094305,0.16779423148909184,0.1977903543011009
1.6552114081557117,0.09515695305097416,0.16652386793016413,0.19700201286687002
1.6711269024649011,0.0930307086545328,0.16524682508784952,0.1962079886504146
1.6870423967740908,0.090906606930331,0.16396324099415957,0.1954083344261686
1.7029578910832803,0.08878510521707499,0.16267325353014792,0.19460310090295568
1.7188733853924698,0.08666666090740764,0.16137700120663134,0.193792340005562
1.7347888797016593,0.08455173101264599,0.16007462267577444,0.19297610367846085
1.7507043740108488,0.08244077319287343,0.15876625676203185,0.19215444440357168
1.7666198683200385,0.08033424587782158,0.15745204262047033,0.19132741469965672
1.782535362629228,0.07823260876384026,0.15613211953229378,0.19049506730783963
1.7984508569384174,0.07613632355124822,0.15480662688925653,0.1896574553466373
1.814366351247607,0.07404585446438726,0.15347570461717192,0.18881463216072536
1.8302818455567964,0.07196166926359751,0.15213949160437018,0.18796665127707107
1.846197339865986,0.06988424008328357,0.1507981285718075,0.18711356664475953
1.8621128341751756,0.06781404455853379,0.14945175496231752,0.18625543269021025
1.878028328484365,0.06575156728860886,0.14810051074450734,0.18539230260696551
1.8939438227935546,0.06369730129692948,0.1467445360069129,0.18452423109918586
1.909859317102744,0.061651749933228917,0.14538397062051767,0.18365127368589132
1.925774811411934,0.05961542909594376,0.14401895471112627,0.18277348477902633
1.9416903057211234,0.05758886986110161,0.1426496284946749,0.18189091947100366
1.957605800030313,0.05557262159875572,0.14127613110617634,0.1810036331472104
1.9735212943395024,0.05356725581115875,0.1398986031136655,0.18011168124295546
1.9894367886486917,0.05157337053239647,0.13851718415398412,0.17921511942757465
2.0053522829578814,0.0495915959211669,0.13713201320099222,0.17831400357627583
2.021267777267071,0.047851689096156155,0.13574323149012116,0.17740838973691037
2.0371832715762603,0.04612818411024054,0.13435097682235228,0.17649833403284065
2.05309876588545,0.044407029715249666,0.132955388889433,0.1755838929658011
2.0690142601946393,0.04268910780653094,0.13155660692821847,0.1746651229177201
2.084929754503829,0.04097539257823665,0.13015476915381718,0.17374208068797492
2.1008452488130187,0.0392669696028543,0.12875001484174817,0.17281482301338336
2.116760743122208,0.03756505985213271,0.12734248221227626,0.17188340694572915
2.1326762374313977,0.03587105023181101,0.1259323091702968,0.17094788860122162
2.148591731740587,0.03418653260219778,0.12451963380851103,0.1700083280532283
2.164507226049777,0.03251335413257564,0.12310459331406055,0.16906477991381708
2.1804227203589663,0.030853682657700582,0.12168732526161478,0.16811730254627813
2.196338214668156,0.029210092201109965,0.1202679664599101,0.16716595348413565
2.2122537089773453,0.027585675645278942,0.11884665338251682,0.16621079067903005
2.228169203286535,0.025984194070860642,0.11742352221998828,0.16525187175229772
2.2440846975957247,0.02441027553823752,0.11599870885677903,0.16428925467485986
2.260000191904914,0.0228696801306045,0.1145723487223924,0.1633229968203589
2.2759156862141037,0.021369652269223466,0.11314457664091472,0.16235315832476138
2.291831180523293,0.01991938396781298,0.11171552755969476,0.16137979529495883
2.3077466748324826,0.018530609292635447,0.11028533529912117,0.16040296678769222
2.3236621691416723,0.017218330344742426,0.1088541336776208,0.15942273102169652
2.3395776634508616,0.016001617829327006,0.10742205594089926,0.15843914603057233
2.3554931577600513,0.014904300008869158,0.10598923477925767,0.15745227163226816
2.3714086520692406,0.01395511628366659,0.10455580253993133,0.15646216503275034
2.3873241463784303,0.0131865909808154,0.10312189096846923,0.15546888530028208
2.40323964068762,0.012631714506522309,0.1016876312797266,0.15447249096051893
2.4191551349968092,0.01231806403820613,0.10025315422064082,0.15347304071497075
2.435070629305999,0.012260710570551656,0.09881858995049783,0.152470593336768
2.450986123615188,0.012457238257637981,0.09738406816941472,0.15146520755653337
2.466901617924378,0.012887999347510448,0.09594971792689415,0.15045694212657257
2.4828171122335676,0.01352150651168257,0.09451566777237799,0.1494458558793728
2.498732606542757,0.014321717087842072,0.09308204565500983,0.1484320076385187
2.5146481008519466,0.015253892891505952,0.09164897898302124,0.14741545603868747
2.530563595161136,0.01628778013661363,0.09021659453887108,0.1463962601404438
2.5464790894703255,0.017398565762299104,0.08878501855264126,0.1453744786757653
2.5623945837795152,0.018566572846085056,0.0873543766374386,0.14435017049529886
2.5783100780887045,0.0197764556446248,0.08592479389721393,0.14332339447544226
2.594225572397894,0.02101631635831094,0.08449639472609266,0.14229420921564853
2.610141066707084,0.02227692249116537,0.08306930301370842,0.14126267377962612
2.626056561016273,0.023551074238629868,0.08164364201611705,0.1402288466317426
2.641972055325463,0.02483311563181461,0.08021953442127969,0.13919278668878443
2.657887549634652,0.0261185649966138,0.07879710234836021,0.13815455267927076
2.673803043943842,0.027403838204808857,0.07737646732105101,0.13711420317013637
2.6897185382530315,0.028686041834151074,0.07595775031728046,0.13607179684294082
2.705634032562221,0.02996281820872414,0.07454107174577991,0.13502739224059002
2.7215495268714105,0.031232228754951918,0.07312655150193474,0.13398104786643183
2.7374650211805998,0.03249266559896567,0.07171430894949654,0.1329328221920561
2.7533805154897895,0.03374278408739059,0.0703044629557375,0.13188277365097426
2.769296009798979,0.03498145089013015,0.06889713196153147,0.13083096053734167
2.7852115041081684,0.036256687190143924,0.06749243377250833,0.129777441154381
2.801126998417358,0.037652306372103046,0.06609048607293384,0.1287222736096239
2.8170424927265474,0.03903740633950404,0.06469140597664676,0.1276655161154618
2.832957987035737,0.04041112354023097,0.0632953103489076,0.12660722667512905
2.848873481344927,0.04177267412218104,0.06190231569386627,0.12554746311791995
2.864788975654116,0.04312134148156376,0.06051253842483616,0.12448628376491074
2.8807044699633058,0.044456466195068066,0.05912609472023051,0.12342374520783089
2.896619964272495,0.04577743786087378,0.057743100704346524,0.12235990620866734
2.9125354585816847,0.04708368840085539,0.05636367255126665,0.1212948239434077
2.9284509528908744,0.04837468659282508,0.05498792652017841,0.12022855585281254
2.9443664472000637,0.049649933534734195,0.053615979154910995,0.11916115917732442
2.9602819415092534,0.050908958913737076,0.0522479473479882,0.11809269117070849
2.9761974358184426,0.05215131785095507,0.050883948553524155,0.11702320886459922
2.9921129301276324,0.053376588319526304,0.04952410095128945,0.11595276922859138
3.0080284244368225,0.054584368954449694,0.04816852364418755,0.11488142898897746
3.0239439187460113,0.055774277172847726,0.04681733693894933,0.11380924495560274
3.0398594130552015,0.05694594767743391,0.04547066261413492,0.1127362735758394
3.055774907364391,0.058099031122478384,0.044128624260971853,0.11166257125075484
3.0716904016735804,0.05923319292875876,0.04279134768142404,0.11058819423505187
3.08760589598277,0.06034811243827154,0.041458961357052244,0.10951319861216059
3.103521390291959,0.06144348201706372,0.040131596999936965,0.10843764033622408
3.119436884601149,0.06251900641844728,0.038809390213463184,0.10736157516662923
3.135352378910339,0.06357440215711742,0.037492481261064955,0.10628505871561007
3.151267873219528,0.06460939701334321,0.03618101604337156,0.10520814653580554
3.1671833675287178,0.06562372959547669,0.03487514715680517,0.10413089331680313
3.183098861837907,0.06661714896486064,0.03357503533830077,0.103053355648586
3.1990143561470967,0.06758941430281974,0.03228085109648865,0.10197558702773356
3.2149298504562864,0.06854029466695213,0.031002460178828014,0.10089764272633198
3.2308453447654757,0.0694695686982717,0.029821521356383718,0.09981957728152144
3.2467608390746654,0.07037702445699838,0.028642232168245924,0.09874144509486432
3.2626763333838547,0.07126245922232002,0.027464854290158023,0.09766330034106142
3.2785918276930444,0.0721256793579536,0.02628967720213468,0.09658519711465291
3.294507322002234,0.07296650015646822,0.02511702457010378,0.09550718918579895
3.3104228163114233,0.07378474571460215,0.023947262442504395,0.09442933014608212
3.326338310620613,0.07458024887833005,0.02278080993601817,0.09335167344665198
3.3422538049298023,0.07535285110875932,0.021618153317590483,0.09227427229448175
3.358169299238992,0.07610240242713551,0.020459864781032774,0.09119717970389933
3.3740847935481817,0.07682876133585557,0.019306627822629232,0.09012044849461215
3.390000287857371,0.0775317947842637,0.01815927202050169,0.08904412784188358
3.4059157821665607,0.07821137806080641,0.01701882142008987,0.08796828029316237
3.42183127647575,0.07886739479130898,0.015886563061134625,0.08689294786249319
3.4377467707849396,0.0794997368968673,0.014764145650984741,0.08581818587432369
3.4536622650941293,0.08010830456798698,0.01365372438313297,0.08474404606653929
3.4695777594033186,0.08069300603722898,0.012558177961150191,0.08367057991886125
3.4854932537125083,0.08125375793683022,0.011481440089546704,0.08259783873650793
3.5014087480216975,0.08179048489180164,0.010429015740114303,0.0815258739912755
3.5173242423308873,0.08230311966825188,0.009408797790876817,0.08045473567328855
3.533239736640077,0.08279160308604669,0.008432366254193933,0.07938447455554165
3.549155230949266,0.08325588401607993,0.007517023717855873,0.07831514129647925
3.565070725258456,0.08369591933764162,0.006688777792421543,0.07724678621174567
3.580986219567645,0.08411167390624841,0.005985880606305772,0.07617945893308148
3.596901713876835,0.0845031204662031,0.005460294754264877,0.07511320922521751
3.6128172081860246,0.08487023978703166,0.005170095884165191,0.07404808649902168
3.628732702495214,0.0852130204380976,0.0051562830645013515,0.07298413995989232
3.6446481968044036,0.08553145878962348,0.0054167687710209265,0.07192141859561185
3.660563691113593,0.08582555908744363,0.00590704021039012,0.0708599711320092
3.6764791854227825,0.08609533324385274,0.006566839224184616,0.06979984609246041
3.692394679731972,0.08634080106307672,0.007343100838008581,0.06874109176868375
3.7083101740411615,0.08656198978532696,0.008197076442898295,0.06768375612822033
3.724225668350351,0.08675893443526525,0.009102552506055283,0.06662788702346273
3.7401411626595404,0.08693167757084426,0.010042154783505574,0.06557353209629474
3.75605665696873,0.0870802692942916,0.011004295169566634,0.0645207386164456
3.77197215127792,0.08720476723632536,0.011981104407593157,0.0634695537459995
3.787887645587109,0.08730523631726358,0.01296711795869431,0.06242002438196293
3.803803139896299,0.08738174893240622,0.013958452134069413,0.061372197229480015
3.819718634205488,0.0874343847477948,0.014952284076903993,0.060326118709925394
3.8356341285146778,0.08746323073695085,0.015946518150093632,0.059281835123134785
3.851549622823868,0.08746838094775575,0.016939567947254434,0.058239392501793254
3.8674651171330567,0.08744993662287544,0.01793021063269046,0.057198836695059915
3.883380611442247,0.08740800604816776,0.018917487903672002,0.056160213421772034
3.8992961057514357,0.0873427044438045,0.019900637183076792,0.055123567960100345
3.915211600060626,0.08725415402194896,0.020879043077152843,0.054088945792851964
3.9311270943698156,0.08714248369660606,0.021852202435300578,0.0530563919685013
3.947042588679005,0.08700782925099494,0.022819698888928187,0.05202595143013005
3.9629580829881945,0.08685033310912374,0.023781184004169426,0.05099766901525006
3.9788735772973833,0.08667014425983292,0.024736363152132346,0.04997158938306742
3.9947890716065735,0.08646741821113704,0.025730156314452343,0.048947757112093475
4.010704565915763,0.08624231691219349,0.026758128184472724,0.04792621664263458
4.0266200602249524,0.0859950086139629,0.027781487269824347,0.04690701238220512
4.042535554534142,0.08572566783755715,0.02879999978360472,0.045890188631839766
4.058451048843331,0.0854344752436185,0.02981345104083052,0.044875789692985855
4.074366543152521,0.08512161754667942,0.03082164240331309,0.043863859855528674
4.09028203746171,0.0847872874417099,0.03182438870231454,0.042854443421523766
4.1061975317709,0.08443168345983573,0.03282151624177803,0.04184758480178661
4.12211302608009,0.08405500993072348,0.03381286123581908,0.040843328461076564
4.138028520389279,0.08365747682454508,0.034798268148375056,0.03984171907059895
4.153944014698468,0.08323929969227706,0.03577758892911957,0.03884280149063208
4.169859509007658,0.082800699538932,0.03675068188612206,0.03784662086991562
4.185775003316848,0.08234190271765296,0.03771741105356208,0.03685322269907183
4.201690497626037,0.08186314085477367,0.0386776450887713,0.03586265287923618
4.217605991935226,0.08136465071788718,0.03963125767955436,0.03487495800276168
4.233521486244416,0.0808466741090765,0.04057812614457911,0.033890185061251694
4.2494369805536065,0.08030945775101418,0.041518131483761246,0.03290838203490751
4.265352474862795,0.07975325321279249,0.042451158000887355,0.03192959775999483
4.281267969171985,0.07917831674688766,0.043377093026648966,0.030953882213434796
4.297183463481174,0.07858490924247606,0.044295826656395226,0.029981286747660978
4.313098957790364,0.07797329609031557,0.04520725153894011,0.02901186430198651
4.329014452099554,0.07734374695669864,0.046111262747095864,0.028045669737707137
4.344929946408743,0.07669653595625818,0.04700775761243559,0.027082760206770043
4.360845440717933,0.07603194125787033,0.0478966355685774,0.026123195603460433
4.3767609350271215,0.07535024510063722,0.048777798070817543,0.025167039089166728
4.392676429336312,0.0746517336918755,0.049651148486733576,0.02421435777869405
4.408591923645502,0.07393669707222447,0.05051659202770862,0.023265223615084298
4.424507417954691,0.07320542902097624,0.051374035655420355,0.02234253177921224
4.44042291226388,0.0724582269423112,0.05222338808883429,0.021454949354233598
4.45633840657307,0.0716953917740738,0.05306455960869347,0.020568570663820788
4.47225390088226,0.07091722787481795,0.05389746224379286,0.019683513571718218
4.488169395191449,0.0701240429342942,0.0547220092620772,0.018799909418282378
4.504084889500638,0.0693161478681129,0.05553811594880398,0.01791790639255694
4.520000383809828,0.06849385674674255,0.056345698788700486,0.017037673808234764
4.535915878119018,0.06765748665617366,0.057144675782957476,0.016159407794260852
4.551831372428207,0.06680735767195635,0.05793496643449851,0.015283339041784692
4.567746866737397,0.0659437927326373,0.058716491687407495,0.014409743056543326
4.583662361046586,0.06506711758650188,0.05948917390190591,0.0135389547328792
4.599577855355776,0.06417766070806016,0.060252936870196394,0.012671388534351293
4.615493349664965,0.0632757532349017,0.06100770578887152,0.011807567552617368
4.631408843974155,0.06236172891333137,0.06175340726163613,0.010948166168396571
4.647324338283345,0.06143592403928209,0.062489969271164916,0.010094074077232614
4.6632398325925335,0.06049867743211498,0.0632173212174121,0.009246494974240516
4.679155326901723,0.059550330380679764,0.0639353938611195,0.008407103220899183
4.695070821210913,0.05859122664060786,0.06464411939775085,0.007578301240386212
4.710986315520103,0.05762171243288286,0.06534343126778243,0.006763657162043956
4.726901809829292,0.05664213638657395,0.06603326450207402,0.005968677432007071
4.742817304138481,0.05565284967737459,0.06671355537365257,0.005202220970605313
4.758732798447671,0.0546542059578273,0.06738424157854223,0.0044791504786396985
4.7746482927568605,0.05364656147628338,0.06804526221684445,0.003825233186123992
4.79056378706605,0.052630275140914846,0.06869655769740869,0.0032850380866957683
4.80647928137524,0.051605708643021234,0.06933806994065436,0.0029281496225669434
4.822394775684429,0.05057322659213134,0.06996974218854321,0.0028312566356182667
4.8383102699936185,0.04953319669400193,0.0705915190972847,0.003019307151604705
4.854225764302808,0.04848598997485374,0.07120334670746069,0.0034380070082461263
4.870141258611998,0.047431981033874755,0.07180517250067103,0.004006811983398064
4.886056752921188,0.04637154841501781,0.07239694530909564,0.0046647838070586
4.901972247230376,0.04530507489240269,0.07297861543841193,0.005375181540905612
4.917887741539566,0.044232948025165905,0.07355013457444598,0.00611697695011992
4.933803235848756,0.043155566883762236,0.07411145583050341,0.006877942520682015
4.9497187301579455,0.042073311565639815,0.07466253373763632,0.0076506930539383365
4.965634224467135,0.04098660624787934,0.07520332426611154,0.008430573877334509
4.981549718776324,0.03989585124395778,0.07573378481515651,0.009214544691314976
4.997465213085514,0.03880148801997595,0.07625387419402783,0.010000525100529862
5.013380707394703,0.03770392867957454,0.07676355518827543,0.010787064976655884
5.029296201703893,0.03660361902754093,0.07726278201591931,0.011573115946747904
5.045211696013083,0.035501027652001416,0.07775152531060428,0.01235790264402841
5.061127190322272,0.03439661455655713,0.0782297471864804,0.013140838498210086
5.077042684631461,0.03329087383271713,0.07869741369320694,0.013921470988983177
5.092958178940651,0.03218431673725371,0.07915449239374062,0.014699444558859208
5.108873673249841,0.03107747943734914,0.07960095220049582,0.015474475176079666
5.1247891675590305,0.029981492553625196,0.08003676355950418,0.01624633264466336
5.14070466186822,0.028971145674855765,0.08046189841087709,0.01701482763597848
5.156620156177409,0.027958536519531965,0.08087633001597586,0.017779802475988263
5.172535650486599,0.026944299112321844,0.08128003330402624,0.018541124271944133
5.188451144795788,0.025929130664493306,0.08167298453080557,0.019298679858705276
5.204366639104978,0.024913806901164605,0.08205516146801467,0.02009574375769547
5.220282133414168,0.02389920325978704,0.08242654337626976,0.02089582863275031
5.236197627723357,0.022886296562696272,0.0827871109683386,0.021693425737238443
5.252113122032546,0.021876192808558955,0.08313684642995485,0.02248844175416649
