J,idle_infid_CD,idle_infid_N_4,idle_infid_N_6,idle_infid_N_8
0.1,1.5791556950972563e-10,2.4980018054066022e-15,1.9984014443252818e-15,3.219646771412954e-15
0.3518987341772152,2.4213209992574036e-08,3.8613556796462944e-13,6.861178292183467e-14,2.5424107263916085e-14
0.6037974683544303,2.098274228812258e-07,3.3502645102601036e-12,5.739297925799747e-13,1.9279022822615843e-13
0.8556962025316454,8.461496435741012e-07,1.3483492100618832e-11,2.3062662890538377e-12,7.652212197228891e-13
1.1075949367088607,2.37420535253996e-06,3.7838177036064735e-11,6.4648286723922865e-12,2.140565502628533e-12
1.3594936708860759,5.386261234141543e-06,8.583045385535115e-11,1.4665546554937237e-11,4.86033435720401e-12
1.6113924050632908,1.0624881918830376e-05,1.693948314951399e-10,2.892663886200353e-11,9.58733092915054e-12
1.8632911392405063,1.8981801202744286e-05,3.026191519595045e-10,5.170258665643246e-11,1.7151835507434043e-11
2.1151898734177212,3.149659780532499e-05,5.023566562734061e-10,8.585304689390227e-11,2.8490931835989386e-11
2.367088607594936,4.9355060379396853e-05,7.873890428555796e-10,1.346183720052352e-10,4.468120318179558e-11
2.6189873417721516,7.388741530867105e-05,1.1790855514171028e-09,2.0187707061580795e-10,6.700562327210946e-11
2.8708860759493664,0.00010656630320537985,1.7010864383770752e-09,2.9150365454810867e-10,9.686490498594935e-11
3.1227848101265816,0.00014900442041643203,2.3793034764629795e-09,4.0787329069758016e-10,1.3571704871040424e-10
3.374683544303797,0.0002029521951532054,3.242438317840879e-09,5.564860794393667e-10,1.852016873193918e-10
3.6265822784810124,0.0002702949740615024,4.320564184201459e-09,7.420304926064603e-10,2.4708968204834036e-10
3.8784810126582276,0.0003530502898060339,5.646235201606231e-09,9.70999891602986e-10,3.2366698210495315e-10
4.130379746835442,0.0004533645572309952,7.255641365500054e-09,1.2490735112891116e-09,4.166488265511248e-10
4.382278481012657,0.000573509891241053,9.1870968610408e-09,1.583231490354109e-09,5.288819937554479e-10
4.634177215189872,0.0007158805706197757,1.1475758676660064e-08,1.9801922324091947e-09,6.625620607714211e-10
4.886075949367087,0.0008829893360277064,1.4167506001694363e-08,2.447817559758647e-09,8.194502298941586e-10
5.137974683544303,0.001077463497276998,1.7305867738848235e-08,2.993990333433061e-09,1.0034312825091263e-09
5.3898734177215175,0.001302040854651465,2.0934425914997945e-08,3.6263009262071932e-09,1.2175372376965754e-09
5.641772151898734,0.001559565439276489,2.5107439960425637e-08,4.3553873840807e-09,1.4629891187389887e-09
5.893670886075948,0.0018529829374654971,2.987206398907816e-08,5.189467577881857e-09,1.746291000692679e-09
6.145569620253163,0.002185336570270091,3.5282482879761545e-08,6.136843366810751e-09,2.067314375242546e-09
6.397468354430378,0.002559762081423278,4.139093062738297e-08,7.21126725000687e-09,2.432545664898811e-09
6.649367088607592,0.0029794816246960787,4.827046573563365e-08,8.420006247789047e-09,2.8465430013113746e-09
6.90126582278481,0.0034478008745374433,5.596449947908866e-08,9.777172793601352e-09,3.3079556871484783e-09
7.1531645569620235,0.003968102855024469,6.455799184124089e-08,1.1292458856893006e-08,3.825584127259418e-09
7.40506329113924,0.004543840943507904,7.409875635300267e-08,1.297693191792959e-08,4.404473452623847e-09
7.656962025316454,0.005178536149049728,8.466925754957444e-08,1.4851332996723698e-08,5.047070095187678e-09
7.908860759493669,0.005875769747103909,9.632963893224655e-08,1.6918385303821282e-08,5.7590992530442975e-09
8.160759493670884,0.006639177937666441,1.091634806993369e-07,1.9195041833786064e-08,6.5461407960931695e-09
8.4126582278481,0.007472445983755627,1.232970569531311e-07,2.17050151740672e-08,7.411697700021591e-09
8.664556962025314,0.008379302852073112,1.3874316279194332e-07,2.44508892577322e-08,8.361853376381845e-09
8.91645569620253,0.009363513524510036,1.5562677990743623e-07,2.7453818773892635e-08,9.406549872359449e-09
9.168354430379745,0.010428873385719406,1.7400587937199674e-07,3.0734428779766176e-08,1.0544862760752949e-08
9.42025316455696,0.011579203953668293,1.9404628365249366e-07,3.430811568172487e-08,1.178805764112667e-08
9.672151898734175,0.012818344417647176,2.1579702247365162e-07,3.818660254673034e-08,1.3145034505335218e-08
9.92405063291139,0.01415014589821817,2.394260176230567e-07,4.240110390574259e-08,1.4614217169750532e-08
10.175949367088606,0.015578464997837327,2.6500024180586834e-07,4.695857502845513e-08,1.6208207442858225e-08
10.42784810126582,0.017107157317293398,2.9266093881652466e-07,5.1881581752954986e-08,1.79372646180731e-08
10.679746835443035,0.01874007091631169,3.2253148124494757e-07,5.719852325114516e-08,1.9812397167306983e-08
10.931645569620251,0.020481039741828022,3.547326572483911e-07,6.292920501360655e-08,2.182412456308569e-08
11.183544303797467,0.022333877029713678,3.8952061826025286e-07,6.90971477257385e-08,2.4002969112313366e-08
11.435443037974682,0.024302303904002343,4.269227281694654e-07,7.572765370333912e-08,2.634835810644276e-08
11.687341772151896,0.02639019835613543,4.671871936534622e-07,8.285941627272919e-08,2.8854598044247837e-08
11.939240506329112,0.02860120688815726,5.104609020478712e-07,9.049060439858536e-08,3.156663691550321e-08
12.191139240506326,0.030938996809055652,5.57004448731302e-07,9.868026606962843e-08,3.446467577994383e-08
12.443037974683541,0.0334071801728274,6.069122486795919e-07,1.07428053897074e-07,3.755169158958793e-08
12.694936708860757,0.036009305410677483,6.603786126269107e-07,1.1680137979031002e-07,4.088059085693985e-08
12.946835443037974,0.038748854916839215,7.177888892706541e-07,1.2681066668962515e-07,4.4448543179420597e-08
13.198734177215188,0.04162923921593498,7.793227368990685e-07,1.3748780242073266e-07,4.8222971671396664e-08
13.450632911392402,0.04465378802856568,8.452484125398563e-07,1.4890142896462066e-07,5.227717991829195e-08
13.702531645569618,0.047825744722238994,9.158490396066199e-07,1.610062205781304e-07,5.6589923524974495e-08
13.954430379746832,0.051148259955381525,9.914540040067976e-07,1.739350697360642e-07,6.119346984689855e-08
14.206329113924046,0.05462438540592218,1.0723778434695852e-06,1.876960775692993e-07,6.609863667517146e-08
14.458227848101263,0.05825706760380922,1.158986521254679e-06,2.0235110209654295e-07,7.129253826176907e-08
14.710126582278479,0.06204914189229105,1.251794408851925e-06,2.1790660215126323e-07,7.682745339909758e-08
14.962025316455692,0.06600350301682056,1.3510365182156647e-06,2.344623941108459e-07,8.26799766429076e-08
15.213924050632906,0.07012239765592088,1.4567866989945166e-06,2.5199546399568007e-07,8.893794589681647e-08
15.465822784810124,0.0744084504981537,1.5701688199643016e-06,2.7063681484751356e-07,9.553347168900217e-08
15.717721518987341,0.07886401701337675,1.6914129139511402e-06,2.9044066829353454e-07,1.0255996440999837e-07
15.969620253164557,0.08349127679027601,1.8210304743027095e-06,3.114670086845628e-07,1.0997455501815523e-07
16.22151898734177,0.08829227564205733,1.9596017586942516e-06,3.3373232205535786e-07,1.1786472836616824e-07
16.473417721518985,0.093268908627686,2.107779099203011e-06,3.5733969039331015e-07,1.2616316019675722e-07
16.725316455696202,0.09842291494798117,2.265986077332194e-06,3.8235975735601e-07,1.3498406314926825e-07
16.977215189873416,0.10375586850779372,2.4351683409751246e-06,4.08844032129263e-07,1.442687033170742e-07
17.22911392405063,0.10926915385658176,2.616357722307061e-06,4.3684744177596713e-07,1.5415223181269866e-07
17.481012658227844,0.11496407988245327,2.809735379527556e-06,4.6662402802821745e-07,1.6452834311619924e-07
17.73291139240506,0.1208416809285271,3.0162049521886836e-06,4.980577593127755e-07,1.7552404457665816e-07
17.98481012658228,0.12690284628426007,3.2369646591479118e-06,5.313539539475443e-07,1.8707589255484436e-07
18.236708860759492,0.13314828238995813,3.4728549794804664e-06,5.664872130273224e-07,1.9927558592147676e-07
18.488607594936706,0.13957850898667468,3.7245520713158342e-06,6.037134286374091e-07,2.1220293877632912e-07
18.740506329113924,0.14619385460943513,3.994529768625021e-06,6.431762979430822e-07,2.2574970898192603e-07
18.992405063291137,0.15299450178600438,4.28219673226371e-06,6.846722168663e-07,2.4016353816769254e-07
19.24430379746835,0.15998028995597047,4.589122510834098e-06,7.287478676620829e-07,2.5519870705537073e-07
19.49620253164557,0.16715100456334853,4.917217559907705e-06,7.752507244496165e-07,2.711026417800966e-07
19.748101265822783,0.17450619806100598,5.267931182995067e-06,8.243504744931407e-07,2.8777450650219194e-07
20.0,0.1820451370066597,5.641988180760116e-06,8.76355550849528e-07,3.05335952022201e-07
