J,X2_infid_CD,X2_infid_N_4,X2_infid_N_6,X2_infid_N_8
1.000000000000000056e-01,5.032148879047237955e-05,7.028632076355734171e-08,1.346590938755554134e-08,4.021236899021118916e-09
3.518987341772151778e-01,6.228536350453284243e-04,8.710237316966740195e-07,1.668774322061139515e-07,4.983157619875555611e-08
6.037974683544302668e-01,1.831955479004054865e-03,2.568502767696934086e-06,4.920942433539465810e-07,1.469458241754040273e-07
8.556962025316453557e-01,3.673950861280750324e-03,5.171404171888660528e-06,9.907840234912868027e-07,2.958616731607577321e-07
1.107594936708860667e+00,6.143257031980819960e-03,8.692991368408620190e-06,1.665494977931558651e-06,4.973398152197106015e-07
1.359493670886075867e+00,9.232421359390508009e-03,1.315111621491560356e-05,2.519657941402186907e-06,7.524051361951222816e-07
1.611392405063290845e+00,1.293217110181754670e-02,1.856821796741847663e-05,3.557588811542444773e-06,1.062347801394913915e-06
1.863291139240506267e+00,1.723147518245005116e-02,2.497137252810421870e-05,4.784492215414992700e-06,1.428724827778893314e-06
2.115189873417721245e+00,2.211761695926361959e-02,3.239225138107482138e-05,6.206464794988875155e-06,1.853360022230354787e-06
2.367088607594936001e+00,2.757627772951087852e-02,4.086717465023870233e-05,7.830500429628628467e-06,2.338318443984022110e-06
2.618987341772151645e+00,3.359163007475063356e-02,5.043710619345720403e-05,9.664495124628302847e-06,2.886009756841723117e-06
2.870886075949366401e+00,4.014643958895725007e-02,6.114769719023360750e-05,1.171723373816213609e-05,3.499031760001436453e-06
3.122784810126581601e+00,4.722217476804291270e-02,7.304928927209797251e-05,1.399846989957875820e-05,4.180302738188146350e-06
3.374683544303796801e+00,5.479912408359288722e-02,8.619694807476818710e-05,1.651882885556066327e-05,4.932976216842632766e-06
3.626582278481012445e+00,6.285651812587955689e-02,1.006505106008193096e-04,1.928988104904494350e-05,5.760577337365901940e-06
3.878481012658227645e+00,7.137265643141976756e-02,1.164745061084104805e-04,2.232413449676506900e-05,6.666825324352920745e-06
4.130379746835441956e+00,8.032503804161450489e-02,1.337383503968725407e-04,2.563504201946731342e-05,7.655761584679510179e-06
4.382278481012656712e+00,8.969049513175586519e-02,1.525162685072078972e-04,2.923702621293600146e-05,8.731712741072428230e-06
4.634177215189872356e+00,9.944532525549298896e-02,1.728873544065701040e-04,3.314544875898661758e-05,9.899288249792803640e-06
4.886075949367087112e+00,1.095654267628543010e-01,1.949356064466778449e-04,3.737669374304086745e-05,1.116341193330150361e-05
5.137974683544302756e+00,1.200264310636977028e-01,2.187499636251422075e-04,4.194808616719836181e-05,1.252929602013619359e-05
5.389873417721517512e+00,1.308038331959680001e-01,2.444243438919357914e-04,4.687799420521887583e-05,1.400246768856749924e-05
5.641772151898734045e+00,1.418731201715585089e-01,2.720576842024646780e-04,5.218577638499422022e-05,1.558876345186810397e-05
5.893670886075947912e+00,1.532098927948560840e-01,3.017539829140991614e-04,5.789183263071873142e-05,1.729432188890545063e-05
6.145569620253162668e+00,1.647899853801767511e-01,3.336223359692302992e-04,6.401759583718469315e-05,1.912561329742157312e-05
6.397468354430378312e+00,1.765895775527172029e-01,3.677769870292779686e-04,7.058556748695821170e-05,2.108943924250539226e-05
6.649367088607592180e+00,1.885853017330457737e-01,4.043373730949761935e-04,7.761930075733669554e-05,2.319291187480310157e-05
6.901265822784809600e+00,2.007543383559013961e-01,4.434280779052057753e-04,8.514347023069746001e-05,2.544349215194419145e-05
7.153164556962023468e+00,2.130745105674530793e-01,4.851792130681209514e-04,9.318382474854391972e-05,2.784898818608549931e-05
7.405063291139240000e+00,2.255243664295554229e-01,5.297259803160869751e-04,1.017672471356201314e-04,3.041754864596679653e-05
7.656962025316453868e+00,2.380832499370321154e-01,5.772090320448342027e-04,1.109217600818723781e-04,3.315767818135029188e-05
7.908860759493668624e+00,2.507313700517805888e-01,6.277744509317617627e-04,1.206765356472905282e-04,3.607823761642148241e-05
8.160759493670884268e+00,2.634498553420439038e-01,6.815737792374987336e-04,1.310619285199710049e-04,3.918846478301318825e-05
8.412658227848099912e+00,2.762208011428053389e-01,7.387641103162589928e-04,1.421094789203491970e-04,4.249795505062436973e-05
8.664556962025313780e+00,2.890273077188407758e-01,7.995080610959659495e-04,1.538519540462690571e-04,4.601672133064393933e-05
8.916455696202529424e+00,3.018535086758483699e-01,8.639739132448864822e-04,1.663233597407609565e-04,4.975510023863538578e-05
9.168354430379745068e+00,3.146845911966100751e-01,9.323355761157170463e-04,1.795589022280941194e-04,5.372389387181542020e-05
9.420253164556960712e+00,3.275068070422039179e-01,1.004772730077485576e-03,1.935951137893576757e-04,5.793428407119272094e-05
9.672151898734174580e+00,3.403074747931036370e-01,1.081470721690513948e-03,2.084698169152465752e-04,6.239783653227970461e-05
9.924050632911390224e+00,3.530749746030130698e-01,1.162620830035931974e-03,2.242221470923899673e-04,6.712656949092732361e-05
1.017594936708860587e+01,3.657987345640896226e-01,1.248420075880218860e-03,2.408925630449365585e-04,7.213292793184500340e-05
1.042784810126581974e+01,3.784692100477187182e-01,1.339071443257178196e-03,2.585229068312600020e-04,7.742977185365429449e-05
1.067974683544303538e+01,3.910778554673255414e-01,1.434783842350517702e-03,2.771564000183524001e-04,8.303041318824533334e-05
1.093164556962025102e+01,4.036170916872813264e-01,1.535772177988281584e-03,2.968376597228816749e-04,8.894865605824087140e-05
1.118354430379746667e+01,4.160802620347943126e-01,1.642257365454646845e-03,3.176127416193441633e-04,9.519869796115187910e-05
1.143544303797468231e+01,4.284615935675338827e-01,1.754466401511556306e-03,3.395291719665571861e-04,1.017952594326576587e-04
1.168734177215189618e+01,4.407561387245054751e-01,1.872632376597627157e-03,3.626359258042111122e-04,1.087535491928193210e-04
1.193924050632911182e+01,4.529597275072752005e-01,1.996994517712291639e-03,3.869835140363209192e-04,1.160892107001654239e-04
1.219113924050632569e+01,4.650689057616755884e-01,2.127798205672548626e-03,4.126241419400988875e-04,1.238184436015421497e-04
1.244303797468354134e+01,4.770808741711181078e-01,2.265295056738336754e-03,4.396110243102269166e-04,1.319579355791855590e-04
1.269493670886075698e+01,4.889934240581426117e-01,2.409742882791943153e-03,4.679995014066351544e-04,1.405249016803722384e-04
1.294683544303797440e+01,5.008048744611270919e-01,2.561405747533274102e-03,4.978463364944119007e-04,1.495370830386644201e-04
1.319873417721518827e+01,5.125140007306672185e-01,2.720553991115814974e-03,5.292099262081961797e-04,1.590127699631072034e-04
1.345063291139240214e+01,5.241199692990009540e-01,2.887464238847448073e-03,5.621503289461315944e-04,1.689708003329570829e-04
1.370253164556961778e+01,5.356222692411038988e-01,3.062419345946865157e-03,5.967292742583563125e-04,1.794305237301507816e-04
1.395443037974683165e+01,5.470206419817325028e-01,3.245708742036557126e-03,6.330102096142598000e-04,1.904119461472175701e-04
1.420632911392404552e+01,5.583150137640062738e-01,3.437627774668494673e-03,6.710583139596382196e-04,2.019355780276121948e-04
1.445822784810126294e+01,5.695054415729396968e-01,3.638478374567988283e-03,7.109405382380584726e-04,2.140226484073082247e-04
1.471012658227847858e+01,5.805920280009910783e-01,3.848568714202138530e-03,7.527256078605493173e-04,2.266948696344472935e-04
1.496202531645569245e+01,5.915748806835825491e-01,4.068213262376718653e-03,7.964840734647760101e-04,2.399746347968578775e-04
1.521392405063290632e+01,6.024540407814911180e-01,4.297732781066820884e-03,8.422883237008127466e-04,2.538848701840734634e-04
1.546582278481012374e+01,6.132294332841217166e-01,4.537454294646026121e-03,8.902126202705584745e-04,2.684493075992833155e-04
1.571772151898734116e+01,6.239008119124078711e-01,4.787711072402833778e-03,9.403331170664275263e-04,2.836922093548688295e-04
1.596962025316455680e+01,6.344677189596772404e-01,5.048842602712211303e-03,9.927278890179414006e-04,2.996385194339312719e-04
1.622151898734177067e+01,6.449294351228360700e-01,5.321194518611460644e-03,1.047476966728244641e-03,3.163139019867200474e-04
1.647341772151898454e+01,6.552849465897248038e-01,5.605118663005503876e-03,1.104662336130490807e-03,3.337446452091885618e-04
1.672531645569620196e+01,6.655329105791991662e-01,5.900972827326267378e-03,1.164368022315898088e-03,3.519578233408537926e-04
1.697721518987341582e+01,6.756716310560690886e-01,6.209120874897666731e-03,1.226680032965665745e-03,3.709811239800409055e-04
1.722911392405062969e+01,6.856990348801799140e-01,6.529932752613376579e-03,1.291686455081597629e-03,3.908430076025037891e-04
1.748101265822784356e+01,6.956126587825581797e-01,6.863784078980028625e-03,1.359477449410451122e-03,4.115726796454222125e-04
1.773291139240506098e+01,7.054096430931953154e-01,7.211056385283520775e-03,1.430144985487546982e-03,4.332001022442355520e-04
1.798481012658227840e+01,7.150867251929473589e-01,7.572136859456679581e-03,1.503784039788791382e-03,4.557559904583285970e-04
1.823670886075949227e+01,7.246402438364311083e-01,7.947418452582843962e-03,1.580490869602324544e-03,4.792718017452290979e-04
1.848860759493670614e+01,7.340661531537127082e-01,8.337299414910903650e-03,1.660364199196795454e-03,5.037798255457248686e-04
1.874050632911392356e+01,7.433600377378777324e-01,8.742183488310129036e-03,1.743504952308905231e-03,5.293131509583881567e-04
1.899240506329113742e+01,7.525171327433903823e-01,9.162479675770440757e-03,1.830016282379109960e-03,5.559056350018520831e-04
1.924430379746835129e+01,7.615323548576546919e-01,9.598602165969416511e-03,1.920003597678632268e-03,5.835920060185406655e-04
1.949620253164556871e+01,7.704003370786771665e-01,1.005097003615607054e-02,2.013574536094075995e-03,6.124078240439256859e-04
1.974810126582278258e+01,7.791154644864002332e-01,1.052000707466549390e-02,2.110839133267816692e-03,6.423894780447358954e-04
2.000000000000000000e+01,7.876719155247403625e-01,1.100614236501984422e-02,2.211909588391791637e-03,6.735742365000518816e-04
